normalized_url,lastmod_iso
https://bontemps.paris,2024-03-18T14:43:04+00:00
https://bontemps.paris/politique-de-confidentialite-2,2020-12-09T08:53:15+00:00
https://bontemps.paris/remboursements_retours,2022-04-05T07:54:36+00:00
https://bontemps.paris/contact,2022-04-26T09:53:12+00:00
https://bontemps.paris/contact-2,2022-04-26T09:57:19+00:00
https://bontemps.paris/galerie,2022-05-02T14:43:59+00:00
https://bontemps.paris/panier,2022-12-04T10:39:20+00:00
https://bontemps.paris/validation-de-la-commande,2022-12-04T10:39:46+00:00
https://bontemps.paris/mon-compte,2022-12-05T08:46:54+00:00
https://bontemps.paris/commander,2022-12-05T08:47:50+00:00
https://bontemps.paris/privatisation,2023-03-14T12:59:20+00:00
https://bontemps.paris/cocktails,2023-03-14T13:00:50+00:00
https://bontemps.paris/mentions-legales,2023-07-10T11:05:52+00:00
https://bontemps.paris/boutique-bontemps,2025-03-06T15:55:27+00:00
https://bontemps.paris/patisserie-2,2025-05-19T09:27:31+00:00
https://bontemps.paris/jardin-secret,2025-06-30T08:20:15+00:00
https://bontemps.paris/portfolio-item,2017-03-14T14:09:51+00:00
https://bontemps.paris/portfolio-item/creamy-creations,2017-03-09T15:37:14+00:00
https://bontemps.paris/portfolio-item/decorative-pumpkin,2017-03-13T10:20:24+00:00
https://bontemps.paris/portfolio-item/gold-apple,2017-03-13T10:24:43+00:00
https://bontemps.paris/portfolio-item/the-perfect-dose,2017-03-13T10:27:30+00:00
https://bontemps.paris/portfolio-item/the-best-flavor,2017-03-13T10:55:40+00:00
https://bontemps.paris/portfolio-item/keep-it-tasty,2017-03-13T11:06:55+00:00
https://bontemps.paris/portfolio-item/a-box-of-goodness,2017-03-13T11:22:04+00:00
https://bontemps.paris/portfolio-item/chocolate,2017-03-13T11:24:48+00:00
https://bontemps.paris/portfolio-item/golden-pumpkin,2017-03-13T12:42:28+00:00
https://bontemps.paris/portfolio-item/pink-flakes,2017-03-13T12:49:48+00:00
https://bontemps.paris/portfolio-item/coffee-biscuits,2017-03-13T12:53:03+00:00
https://bontemps.paris/portfolio-item/ice-cream-cake,2017-03-13T12:58:46+00:00
https://bontemps.paris/portfolio-item/pink-snowball,2017-03-13T13:01:12+00:00
https://bontemps.paris/portfolio-item/chocolate-lollipops,2017-03-13T13:05:07+00:00
https://bontemps.paris/portfolio-item/golden-cookie,2017-03-13T13:56:07+00:00
https://bontemps.paris/portfolio-item/spiral-chocolate,2017-03-13T14:09:28+00:00
https://bontemps.paris/portfolio-item/white-chocolate,2017-03-13T14:14:36+00:00
https://bontemps.paris/portfolio-item/modern-pumpkin,2017-03-13T14:24:51+00:00
https://bontemps.paris/portfolio-item/choco-cake,2017-03-13T14:42:58+00:00
https://bontemps.paris/portfolio-item/surprise-cookie,2017-03-13T14:51:51+00:00
https://bontemps.paris/portfolio-item/fruit-cake,2017-03-13T14:58:34+00:00
https://bontemps.paris/portfolio-item/fruit-hearts,2017-03-13T15:02:00+00:00
https://bontemps.paris/portfolio-item/ball-of-gold,2017-03-13T15:09:09+00:00
https://bontemps.paris/portfolio-item/designed-cakes,2017-03-13T15:12:55+00:00
https://bontemps.paris/portfolio-item/integral-cookies,2017-03-13T15:17:01+00:00
https://bontemps.paris/portfolio-item/colorful-lollipops,2017-03-13T15:20:47+00:00
https://bontemps.paris/portfolio-item/ice-cream,2017-03-14T13:25:47+00:00
https://bontemps.paris/portfolio-item/black-chocolate,2017-03-14T14:08:18+00:00
https://bontemps.paris/portfolio-item/coffee-cookies,2017-03-14T14:09:51+00:00
https://bontemps.paris/shop,2025-07-09T12:24:46+00:00
https://bontemps.paris/produit/sables-natures,2024-08-27T15:46:03+00:00
https://bontemps.paris/produit/sac-isotherme,2024-08-27T15:48:12+00:00
https://bontemps.paris/produit/the-premier-amour,2024-08-27T15:58:52+00:00
https://bontemps.paris/produit/sables-maxi-gianduja,2025-01-15T10:15:58+00:00
https://bontemps.paris/produit/cake-au-citron,2025-01-24T13:53:08+00:00
https://bontemps.paris/produit/boite-de-sables-gianduja-2,2025-01-24T14:17:56+00:00
https://bontemps.paris/produit/flan,2025-05-19T09:11:58+00:00
https://bontemps.paris/produit/marguerite,2025-05-19T09:12:15+00:00
https://bontemps.paris/produit/esmee,2025-05-19T09:13:03+00:00
https://bontemps.paris/produit/fraisier-kawai,2025-05-19T09:18:32+00:00
https://bontemps.paris/produit/allegresse,2025-06-02T11:22:33+00:00
https://bontemps.paris/produit/anna,2025-06-02T11:26:36+00:00
https://bontemps.paris/produit/bontemps-boite-de-9-ou-16,2025-06-02T11:29:35+00:00
https://bontemps.paris/produit/fraisier-samba,2025-06-12T14:44:59+00:00
https://bontemps.paris/produit/lechantdescigales,2025-07-08T13:30:39+00:00
https://bontemps.paris/produit/tarte-framboise,2025-07-09T12:24:46+00:00
https://bontemps.paris/masonry-gallery-category/home,2025-06-12T11:48:48+00:00
https://bontemps.paris/portfolio-category/biscuits,2017-03-13T11:22:04+00:00
https://bontemps.paris/portfolio-category/biskuits-rose,2017-03-13T12:53:03+00:00
https://bontemps.paris/portfolio-category/cakes,2017-03-13T11:06:55+00:00
https://bontemps.paris/portfolio-category/cakes-rose,2017-03-13T12:58:46+00:00
https://bontemps.paris/portfolio-category/chocolate,2017-03-13T11:24:48+00:00
https://bontemps.paris/portfolio-category/chocolate-rose,2017-03-13T13:05:07+00:00
https://bontemps.paris/portfolio-category/cookies,2017-03-13T10:55:40+00:00
https://bontemps.paris/portfolio-category/cookies-rose,2017-03-13T13:01:12+00:00
https://bontemps.paris/portfolio-category/golden,2017-03-13T11:24:48+00:00
https://bontemps.paris/portfolio-category/rose,2017-03-13T13:05:07+00:00
https://bontemps.paris/portfolio-category/standard,2017-03-14T14:09:51+00:00
https://bontemps.paris/testimonials-category/testimonials-boxed,2017-03-07T10:51:03+00:00
https://bontemps.paris/testimonials-category/testimonials-home-1,2017-03-02T15:26:53+00:00
https://bontemps.paris/testimonials-category/testimonials-home-6,2017-03-03T14:19:12+00:00
https://bontemps.paris/categorie-produit/saison,2025-07-09T12:24:46+00:00
https://bontemps.paris/categorie-produit/gouter,2025-06-02T11:29:35+00:00
